,time0,time1,time2,time3,time4,time5,time6,time7,time8,time9,time10,time11,time12,time13,time14,time15,time16,time17,time18,time19,time20,time21,time22,time23,time24,time25,time26,time27,time28,time29,time30,time31,time32,time33,time34,time35,time36,time37,time38,time39,time40,time41,time42,time43,time44,time45,time46,time47,time48,time49,time50,time51,time52,time53,time54,time55,time56,time57,time58,time59,time60,time61,time62,time63,time64,time65,time66,time67,time68,time69,time70,time71,time72,time73,time74,time75,time76,time77,time78,time79,time80,time81,time82,time83,time84,time85,time86,time87,time88,time89,time90,time91,time92,time93,time94,time95,time96,time97,time98,time99
room 84,1840,1844,1845,1848,1850,1852,1860,1863,1867,1868,1869,1875,1878,1887,1889,1896,1898,1900,1901,1905,1912,1913,1916,1923,1925,1926,1927,1929,1936,1941,1947,1950,1951,1955,1959,1962,1964,1965,1968,1969,1972,1973,1974,1975,1981,1982,1986,1987,1989,1992,1993,1994,1995,1997,1999,2003,2006,2008,2013,2016,2018,2024,2040,2047,2049,2051,2060,2070,2073,2074,2080,2084,2090,2091,2092,2107,2113,2116,2122,2124,2126,2129,2133,2159,2160,2162,2172,2183,2184,2187,2199,2200,2203,2207,2214,2217,2219,2220,2221,2224
room 60,4512,4530,4533,4534,4536,4539,4541,4549,4550,4557,4567,4572,4575,4578,4582,4589,4591,4593,4596,4607,4609,4610,4613,4618,4620,4622,4623,4624,4631,4632,4644,4645,4647,4648,4650,4653,4657,4659,4662,4664,4665,4666,4668,4669,4672,4674,4677,4680,4681,4683,4688,4690,4693,4695,4697,4698,4701,4703,4705,4706,4708,4709,4710,4711,4718,4719,4724,4734,4739,4740,4744,4749,4754,4757,4760,4761,4762,4770,4773,4781,4782,4788,4791,4798,4805,4807,4810,4811,4813,4818,4820,4824,4829,4837,4838,4843,4845,4849,4851,4853
room 31,1340,1345,1346,1348,1349,1350,1351,1354,1356,1358,1359,1361,1362,1363,1364,1365,1366,1367,1368,1369,1371,1373,1375,1377,1378,1379,1383,1384,1386,1388,1389,1390,1391,1392,1393,1394,1395,1396,1397,1398,1399,1400,1405,1406,1407,1409,1411,1412,1413,1414,1416,1417,1418,1421,1422,1427,1432,1434,1436,1437,1438,1441,1442,1443,1444,1445,1446,1448,1449,1450,1453,1454,1455,1458,1459,1460,1462,1464,1467,1468,1469,1471,1472,1473,1474,1475,1476,1477,1478,1480,1481,1482,1483,1486,1487,1488,1490,1493,1494,1495
room 23,3161,3164,3165,3166,3169,3170,3171,3172,3173,3174,3175,3177,3181,3182,3183,3185,3186,3187,3188,3190,3191,3193,3195,3196,3197,3199,3200,3201,3202,3203,3205,3206,3211,3212,3214,3216,3218,3219,3220,3223,3224,3226,3229,3230,3231,3232,3233,3234,3235,3236,3237,3238,3240,3241,3242,3243,3244,3246,3248,3249,3250,3251,3252,3255,3256,3257,3258,3260,3261,3263,3265,3269,3270,3272,3273,3275,3276,3277,3278,3279,3280,3281,3284,3285,3286,3287,3289,3290,3292,3296,3298,3299,3301,3303,3304,3305,3306,3307,3309,3310
room 85,3713,3714,3715,3721,3724,3725,3726,3731,3746,3747,3749,3750,3756,3757,3763,3766,3772,3775,3778,3783,3788,3789,3791,3793,3795,3801,3803,3805,3810,3813,3816,3817,3820,3826,3832,3834,3841,3845,3848,3849,3851,3853,3854,3860,3861,3867,3875,3890,3898,3899,3901,3903,3904,3909,3916,3920,3921,3923,3940,3943,3956,3957,3963,3973,3981,3982,3986,3990,3991,4006,4007,4009,4010,4018,4023,4029,4033,4034,4045,4046,4053,4059,4063,4068,4075,4091,4092,4100,4105,4107,4108,4109,4114,4119,4132,4136,4143,4145,4146,4150
room 46,9133,9139,9140,9148,9149,9150,9154,9155,9161,9162,9172,9175,9179,9181,9184,9186,9198,9202,9205,9206,9207,9210,9218,9221,9222,9227,9233,9235,9236,9238,9249,9257,9269,9275,9282,9288,9289,9290,9291,9293,9299,9307,9310,9312,9315,9316,9321,9322,9325,9326,9329,9331,9332,9338,9345,9346,9349,9352,9354,9355,9356,9357,9369,9371,9374,9378,9380,9385,9388,9389,9391,9394,9395,9396,9400,9417,9424,9431,9434,9435,9439,9441,9447,9448,9449,9450,9451,9452,9459,9463,9468,9470,9472,9476,9477,9484,9485,9486,9487,9491
room 52,8807,8808,8809,8810,8811,8813,8814,8815,8816,8817,8818,8820,8821,8822,8825,8828,8829,8830,8831,8832,8835,8836,8837,8839,8842,8843,8844,8846,8848,8849,8850,8852,8853,8854,8858,8859,8862,8863,8864,8865,8866,8870,8871,8872,8873,8874,8875,8877,8878,8882,8883,8884,8888,8889,8892,8895,8896,8897,8899,8901,8902,8903,8905,8906,8908,8911,8912,8914,8915,8916,8917,8918,8919,8921,8922,8926,8927,8929,8930,8931,8932,8933,8935,8936,8939,8940,8941,8943,8944,8945,8946,8948,8951,8953,8954,8955,8956,8957,8959,8960
room 34,1045,1048,1051,1056,1063,1069,1070,1073,1076,1087,1098,1099,1101,1117,1119,1127,1138,1142,1147,1148,1151,1152,1158,1162,1164,1175,1176,1185,1191,1193,1197,1203,1208,1218,1220,1225,1226,1232,1237,1246,1252,1255,1257,1258,1259,1260,1262,1272,1276,1281,1282,1283,1288,1290,1295,1297,1300,1304,1315,1326,1337,1339,1342,1343,1348,1353,1354,1356,1361,1371,1373,1375,1377,1381,1382,1383,1386,1388,1402,1403,1404,1405,1411,1416,1420,1421,1424,1426,1427,1429,1430,1431,1432,1434,1436,1448,1453,1458,1464,1466
room 48,5666,5667,5668,5669,5670,5672,5673,5674,5675,5677,5678,5679,5680,5681,5682,5684,5686,5688,5690,5691,5692,5693,5694,5695,5696,5698,5699,5703,5704,5705,5706,5708,5709,5710,5711,5712,5713,5714,5715,5716,5718,5719,5720,5721,5723,5724,5725,5726,5728,5730,5731,5732,5733,5734,5735,5736,5737,5738,5742,5743,5744,5745,5746,5748,5750,5751,5752,5753,5754,5755,5756,5758,5759,5761,5762,5763,5764,5765,5766,5768,5769,5770,5772,5773,5774,5775,5776,5777,5778,5779,5780,5781,5782,5788,5789,5791,5793,5796,5797,5798
room 3,1467,1471,1480,1485,1486,1492,1493,1500,1508,1516,1521,1526,1531,1534,1536,1546,1547,1548,1549,1551,1552,1553,1556,1563,1568,1576,1579,1580,1587,1592,1593,1599,1602,1604,1609,1611,1619,1626,1627,1635,1638,1641,1643,1646,1649,1650,1652,1653,1654,1656,1657,1662,1665,1666,1671,1673,1677,1679,1683,1686,1692,1698,1700,1701,1702,1710,1717,1721,1722,1727,1728,1730,1731,1733,1734,1737,1739,1741,1745,1750,1755,1761,1763,1764,1766,1771,1781,1782,1793,1795,1799,1804,1810,1811,1817,1824,1829,1831,1838,1839
room 99,2949,2950,2951,2954,2964,2966,2969,2970,2976,2982,2990,2992,2994,3000,3008,3016,3018,3021,3030,3034,3037,3042,3044,3045,3047,3049,3051,3057,3058,3059,3063,3064,3068,3071,3073,3075,3080,3082,3084,3086,3089,3090,3091,3094,3095,3098,3102,3109,3110,3120,3124,3128,3133,3136,3141,3142,3146,3150,3154,3157,3168,3169,3177,3179,3180,3185,3190,3193,3205,3208,3209,3210,3214,3216,3218,3222,3226,3228,3229,3240,3246,3248,3254,3255,3260,3263,3265,3267,3268,3269,3272,3275,3284,3289,3292,3295,3298,3303,3312,3316
room 78,3744,3747,3750,3751,3752,3753,3754,3757,3758,3759,3760,3761,3763,3764,3766,3767,3769,3770,3772,3773,3775,3776,3778,3779,3780,3781,3783,3784,3785,3786,3789,3791,3793,3795,3796,3797,3799,3801,3803,3805,3806,3807,3808,3810,3811,3813,3814,3817,3818,3820,3821,3823,3824,3826,3827,3828,3829,3830,3832,3834,3835,3836,3837,3838,3839,3841,3842,3843,3845,3846,3849,3854,3855,3856,3857,3858,3861,3862,3864,3865,3867,3868,3869,3870,3871,3872,3873,3875,3876,3877,3878,3879,3880,3881,3882,3883,3884,3885,3886,3887
room 13,1800,1801,1802,1805,1806,1807,1811,1812,1813,1814,1817,1818,1819,1821,1824,1825,1826,1827,1829,1831,1832,1833,1834,1835,1836,1840,1841,1842,1845,1846,1848,1850,1852,1853,1854,1855,1856,1857,1858,1860,1861,1864,1865,1869,1871,1872,1873,1875,1876,1878,1879,1880,1881,1882,1883,1884,1885,1889,1890,1891,1892,1893,1894,1896,1898,1901,1902,1903,1905,1906,1908,1909,1910,1913,1914,1916,1917,1918,1919,1920,1921,1923,1927,1929,1930,1931,1932,1933,1934,1936,1937,1939,1941,1942,1943,1944,1945,1947,1948,1951
room 93,7325,7326,7327,7328,7331,7332,7333,7334,7337,7338,7339,7340,7341,7343,7344,7346,7347,7349,7350,7351,7352,7353,7354,7356,7357,7360,7361,7362,7363,7364,7365,7366,7367,7368,7369,7370,7372,7373,7376,7377,7380,7381,7382,7383,7384,7385,7388,7389,7390,7391,7392,7393,7394,7396,7398,7402,7406,7407,7409,7410,7411,7414,7416,7417,7418,7421,7422,7423,7424,7426,7427,7428,7430,7431,7432,7433,7434,7436,7437,7440,7441,7443,7446,7447,7448,7451,7454,7455,7456,7457,7458,7461,7463,7464,7465,7466,7467,7468,7469,7470
room 70,296,299,300,305,306,317,320,321,331,333,335,338,339,341,347,354,355,356,357,358,359,361,363,365,366,368,369,372,374,376,380,381,383,388,389,393,394,395,397,398,401,404,407,412,416,417,419,421,425,426,427,428,431,433,434,435,442,443,446,448,455,466,468,472,475,476,478,485,487,494,497,499,501,509,510,517,519,521,528,533,536,540,541,544,558,564,569,579,587,591,594,597,611,613,617,619,621,627,630,635
room 68,5954,5955,5956,5958,5960,5961,5964,5965,5966,5967,5968,5969,5972,5974,5976,5977,5978,5981,5984,5987,5989,5990,5991,5993,5994,5995,5996,5997,5998,5999,6000,6002,6003,6004,6005,6006,6007,6008,6010,6011,6012,6014,6015,6017,6019,6020,6021,6022,6024,6026,6029,6031,6033,6034,6035,6037,6040,6042,6045,6046,6047,6048,6050,6051,6052,6053,6054,6056,6057,6058,6059,6060,6061,6062,6064,6065,6066,6067,6070,6071,6072,6074,6076,6078,6079,6080,6083,6084,6085,6086,6088,6089,6090,6092,6093,6094,6095,6096,6098,6099
room 22,4624,4626,4627,4628,4629,4632,4634,4635,4636,4638,4639,4640,4641,4642,4648,4650,4651,4653,4654,4655,4657,4659,4662,4666,4669,4670,4672,4674,4677,4681,4683,4684,4685,4686,4688,4690,4691,4693,4695,4698,4699,4701,4703,4706,4711,4712,4713,4714,4715,4716,4719,4720,4721,4722,4724,4725,4726,4727,4729,4730,4731,4732,4734,4735,4736,4740,4742,4744,4745,4747,4749,4750,4751,4752,4754,4755,4757,4758,4762,4763,4764,4765,4767,4768,4770,4771,4773,4774,4775,4776,4777,4778,4779,4782,4783,4784,4785,4786,4788,4789
room 56,2577,2581,2582,2588,2602,2608,2609,2610,2612,2613,2618,2619,2621,2623,2625,2630,2632,2637,2646,2648,2649,2653,2654,2655,2660,2663,2669,2674,2676,2677,2678,2681,2688,2692,2693,2697,2699,2701,2703,2704,2726,2727,2729,2730,2734,2736,2744,2745,2751,2754,2765,2769,2770,2772,2773,2778,2781,2783,2785,2788,2793,2797,2798,2800,2802,2806,2808,2815,2816,2821,2824,2828,2829,2833,2840,2849,2855,2857,2859,2862,2863,2867,2878,2879,2881,2884,2887,2889,2896,2902,2903,2909,2913,2917,2922,2933,2941,2944,2945,2948
room 80,4940,4942,4943,4944,4945,4946,4947,4949,4950,4952,4953,4954,4955,4956,4957,4959,4961,4962,4963,4964,4968,4969,4970,4973,4974,4975,4976,4977,4981,4982,4984,4985,4986,4990,4992,4993,4994,4995,4996,4997,4998,4999,5000,5002,5003,5004,5005,5008,5009,5011,5012,5015,5016,5018,5019,5020,5021,5026,5027,5028,5029,5030,5031,5034,5035,5038,5039,5040,5041,5042,5043,5044,5045,5046,5047,5048,5049,5050,5051,5053,5056,5059,5060,5061,5062,5063,5065,5067,5068,5070,5072,5073,5074,5075,5078,5079,5082,5083,5084,5085
room 38,6416,6417,6418,6419,6420,6422,6424,6426,6427,6429,6432,6433,6434,6437,6438,6439,6440,6442,6443,6444,6446,6448,6450,6451,6452,6454,6456,6457,6458,6459,6460,6461,6462,6463,6464,6465,6468,6469,6470,6471,6474,6476,6479,6480,6481,6482,6483,6484,6485,6487,6488,6489,6490,6491,6492,6493,6494,6499,6500,6502,6503,6504,6505,6506,6508,6509,6510,6511,6512,6515,6518,6520,6521,6522,6523,6524,6525,6526,6527,6528,6529,6532,6533,6535,6538,6539,6540,6541,6542,6543,6546,6547,6548,6549,6551,6553,6555,6556,6557,6558
room 75,6711,6713,6717,6720,6722,6723,6724,6725,6726,6728,6729,6730,6732,6734,6735,6737,6739,6740,6741,6743,6744,6745,6747,6748,6750,6751,6753,6755,6758,6759,6760,6761,6762,6765,6771,6772,6773,6774,6775,6776,6778,6779,6780,6785,6787,6789,6790,6791,6794,6795,6796,6797,6799,6802,6803,6804,6805,6807,6808,6811,6812,6813,6814,6816,6817,6818,6819,6820,6821,6822,6824,6825,6826,6830,6831,6832,6834,6836,6837,6838,6840,6841,6842,6843,6844,6845,6846,6847,6848,6849,6850,6851,6856,6858,6859,6860,6861,6865,6866,6869
room 4,2397,2399,2400,2405,2407,2408,2409,2410,2411,2412,2413,2414,2415,2416,2421,2422,2423,2425,2426,2427,2428,2431,2432,2433,2435,2436,2439,2440,2441,2444,2446,2447,2448,2449,2451,2453,2454,2455,2459,2460,2461,2462,2466,2468,2469,2470,2471,2472,2473,2474,2478,2479,2480,2481,2483,2485,2486,2487,2488,2489,2491,2492,2493,2494,2496,2497,2499,2500,2501,2504,2508,2509,2510,2512,2513,2516,2519,2521,2522,2523,2524,2525,2527,2529,2531,2532,2533,2535,2536,2538,2539,2540,2541,2542,2544,2545,2548,2549,2550,2551
room 28,492,494,495,497,499,501,502,503,504,505,506,507,510,511,512,513,514,515,519,521,522,523,524,525,526,528,529,530,531,534,536,537,538,541,542,544,545,546,547,548,549,550,551,552,553,554,556,558,559,560,561,562,564,565,566,567,569,570,571,573,574,575,576,577,579,580,582,583,584,585,587,588,589,592,594,595,597,598,600,601,602,603,604,605,606,607,608,609,611,613,614,615,619,621,622,623,624,625,627,628
room 50,7472,7474,7475,7477,7478,7479,7483,7484,7485,7488,7489,7490,7493,7494,7495,7496,7500,7501,7502,7503,7507,7509,7512,7513,7515,7516,7517,7518,7519,7520,7521,7522,7523,7524,7525,7526,7527,7529,7530,7531,7532,7533,7534,7535,7536,7538,7540,7543,7544,7545,7546,7547,7548,7550,7551,7552,7553,7554,7557,7559,7560,7561,7563,7564,7566,7567,7568,7569,7571,7572,7575,7578,7579,7581,7582,7583,7584,7587,7588,7589,7591,7593,7594,7595,7597,7598,7599,7606,7608,7609,7610,7612,7613,7614,7615,7617,7618,7619,7621,7623
room 27,9993,9994,9997,9998,9999,10000,1,9,13,16,19,21,23,28,29,31,33,35,37,40,46,50,52,54,55,57,59,60,63,65,68,74,75,76,79,80,83,87,93,98,99,102,104,114,117,118,122,124,125,126,128,131,133,138,139,141,142,146,148,150,154,155,157,164,169,170,174,177,180,188,191,194,195,200,204,211,213,215,224,232,235,236,240,243,244,245,246,247,252,255,256,258,261,269,271,276,280,285,287,294
room 12,3320,3323,3327,3329,3334,3338,3345,3346,3348,3356,3359,3362,3364,3369,3373,3374,3376,3388,3390,3391,3392,3396,3402,3403,3405,3413,3420,3421,3430,3433,3434,3437,3439,3443,3444,3457,3458,3469,3476,3477,3478,3482,3486,3489,3491,3496,3497,3509,3511,3515,3516,3519,3523,3527,3529,3530,3534,3543,3550,3551,3556,3559,3562,3563,3565,3568,3569,3571,3573,3574,3580,3585,3596,3602,3604,3607,3611,3620,3621,3636,3637,3643,3645,3656,3662,3664,3667,3669,3670,3673,3676,3677,3679,3682,3685,3687,3689,3697,3701,3709
room 32,3604,3605,3607,3608,3609,3611,3612,3613,3614,3615,3616,3617,3618,3621,3622,3623,3625,3626,3628,3629,3630,3631,3632,3633,3634,3637,3638,3639,3640,3641,3643,3645,3646,3647,3648,3649,3650,3651,3652,3653,3654,3656,3657,3658,3659,3660,3662,3665,3667,3670,3671,3673,3674,3677,3679,3680,3682,3683,3685,3689,3690,3691,3692,3693,3694,3695,3697,3698,3699,3701,3702,3703,3704,3705,3707,3709,3710,3711,3715,3716,3717,3718,3719,3721,3722,3726,3727,3728,3729,3733,3734,3735,3736,3737,3738,3739,3740,3741,3742,3743
room 100,3312,3313,3314,3316,3317,3318,3320,3321,3323,3324,3325,3327,3329,3330,3331,3332,3334,3336,3338,3339,3340,3341,3342,3343,3346,3348,3349,3350,3352,3353,3354,3356,3357,3360,3362,3364,3365,3366,3367,3369,3370,3371,3374,3376,3377,3378,3379,3380,3382,3383,3384,3385,3386,3388,3392,3394,3396,3397,3399,3400,3403,3405,3406,3407,3408,3409,3410,3411,3413,3414,3415,3416,3417,3418,3421,3422,3423,3425,3426,3427,3428,3430,3431,3434,3435,3437,3439,3440,3441,3444,3445,3446,3447,3449,3450,3451,3452,3453,3454,3455
room 66,4152,4155,4156,4163,4168,4169,4170,4177,4180,4192,4196,4201,4205,4206,4207,4208,4209,4213,4218,4220,4229,4230,4232,4236,4240,4241,4245,4250,4253,4254,4257,4258,4259,4264,4265,4269,4275,4276,4281,4286,4289,4293,4296,4308,4309,4311,4323,4324,4325,4327,4329,4331,4335,4336,4337,4340,4345,4355,4356,4358,4359,4364,4367,4368,4371,4376,4380,4381,4390,4391,4392,4397,4400,4402,4404,4406,4412,4426,4429,4430,4431,4436,4437,4445,4447,4451,4452,4453,4456,4475,4476,4478,4481,4482,4495,4497,4499,4501,4503,4511
room 39,5517,5518,5520,5522,5523,5527,5529,5533,5534,5536,5537,5538,5539,5542,5543,5544,5545,5546,5547,5551,5553,5554,5555,5556,5557,5558,5559,5561,5562,5563,5564,5565,5566,5569,5570,5571,5573,5574,5575,5576,5577,5579,5580,5581,5582,5583,5585,5589,5590,5591,5594,5596,5600,5601,5602,5603,5605,5606,5607,5608,5609,5611,5612,5613,5614,5615,5616,5618,5621,5622,5624,5625,5627,5628,5629,5630,5631,5635,5636,5637,5638,5639,5640,5641,5642,5644,5645,5649,5651,5653,5654,5656,5657,5659,5660,5661,5662,5663,5664,5665
room 82,318,321,322,323,324,325,326,327,328,329,331,333,335,336,339,341,342,343,344,347,348,349,350,351,352,359,361,363,366,369,372,374,376,377,378,381,383,384,385,386,390,391,395,398,399,401,402,404,405,407,408,409,410,412,414,417,419,421,422,423,428,431,435,436,437,439,440,443,444,446,449,450,451,452,453,455,456,457,459,460,461,462,463,468,469,470,472,473,476,478,479,480,481,482,483,485,488,489,490,491
room 17,3888,3890,3891,3892,3893,3894,3895,3896,3899,3901,3904,3905,3906,3907,3909,3910,3911,3912,3913,3914,3916,3917,3918,3921,3923,3924,3925,3926,3927,3928,3929,3930,3931,3933,3934,3935,3936,3937,3938,3941,3943,3944,3945,3946,3947,3948,3949,3950,3951,3952,3953,3954,3957,3958,3959,3960,3961,3963,3964,3965,3966,3967,3968,3969,3970,3971,3973,3974,3976,3977,3978,3979,3982,3983,3984,3986,3987,3988,3991,3992,3993,3994,3996,3997,4000,4001,4002,4003,4004,4007,4010,4011,4012,4013,4014,4015,4016,4018,4019,4020
room 83,8357,8358,8359,8360,8361,8362,8363,8364,8365,8368,8369,8373,8374,8376,8378,8379,8381,8383,8384,8386,8387,8389,8391,8393,8395,8396,8397,8400,8401,8404,8405,8407,8408,8409,8410,8411,8412,8415,8418,8419,8420,8421,8423,8424,8425,8427,8428,8430,8431,8432,8434,8435,8438,8439,8440,8442,8444,8445,8448,8449,8450,8451,8452,8453,8454,8460,8461,8464,8465,8466,8467,8468,8469,8470,8471,8472,8473,8474,8476,8479,8480,8481,8482,8483,8484,8486,8488,8489,8492,8493,8495,8496,8497,8498,8499,8500,8501,8502,8503,8504
room 19,1070,1071,1073,1074,1076,1077,1078,1079,1080,1081,1082,1083,1084,1085,1087,1088,1089,1090,1091,1092,1093,1094,1095,1096,1099,1101,1102,1103,1104,1105,1106,1107,1108,1109,1110,1111,1112,1113,1114,1115,1117,1119,1120,1122,1123,1124,1125,1127,1128,1129,1130,1131,1132,1133,1134,1135,1136,1138,1139,1140,1142,1143,1144,1145,1148,1149,1152,1153,1154,1155,1156,1159,1160,1162,1164,1165,1166,1168,1169,1170,1171,1172,1173,1176,1177,1178,1179,1180,1181,1182,1183,1185,1186,1187,1188,1189,1191,1193,1194,1195
room 81,4856,4858,4863,4888,4889,4892,4896,4899,4904,4906,4909,4916,4917,4918,4919,4929,4936,4937,4939,4952,4959,4961,4966,4968,4972,4973,4979,4980,4984,4988,4989,4990,5007,5011,5014,5015,5018,5023,5024,5025,5026,5033,5034,5038,5053,5055,5056,5058,5059,5065,5067,5070,5072,5077,5078,5082,5088,5093,5096,5101,5109,5112,5115,5117,5120,5121,5125,5126,5128,5129,5132,5134,5135,5138,5140,5143,5146,5150,5152,5153,5154,5164,5176,5181,5183,5188,5192,5194,5195,5200,5205,5207,5208,5209,5210,5211,5224,5229,5237,5239
room 47,642,647,653,654,656,662,674,675,676,678,692,695,702,703,704,705,706,707,710,714,716,723,729,739,753,755,757,758,759,765,768,776,783,787,790,793,800,802,804,811,816,820,823,826,827,830,832,833,837,841,845,847,851,854,857,861,864,870,881,882,883,885,888,894,900,904,906,908,909,915,920,921,927,929,931,932,933,935,944,950,952,958,962,966,975,978,985,986,995,996,1008,1009,1019,1020,1027,1029,1031,1032,1036,1038
room 49,7957,7961,7964,7965,7966,7968,7969,7972,7984,7990,7992,7995,8001,8002,8005,8007,8008,8011,8015,8016,8018,8020,8022,8024,8026,8040,8045,8048,8052,8053,8058,8059,8060,8062,8064,8074,8082,8084,8087,8096,8097,8101,8115,8129,8132,8136,8144,8149,8152,8158,8160,8168,8169,8173,8175,8176,8179,8182,8183,8184,8188,8194,8204,8208,8209,8224,8230,8234,8236,8240,8241,8246,8247,8252,8258,8262,8268,8271,8278,8284,8287,8290,8293,8296,8303,8304,8306,8307,8311,8320,8325,8326,8329,8339,8340,8351,8356,8367,8371,8372
room 30,2860,2863,2864,2865,2868,2869,2870,2871,2872,2873,2874,2875,2876,2879,2881,2882,2884,2885,2887,2889,2890,2891,2892,2893,2894,2896,2897,2898,2899,2900,2903,2904,2905,2906,2907,2909,2910,2911,2913,2915,2917,2918,2919,2920,2922,2923,2924,2925,2926,2927,2928,2929,2930,2931,2933,2935,2936,2937,2938,2939,2941,2945,2946,2951,2952,2954,2956,2957,2958,2959,2960,2961,2962,2964,2966,2967,2971,2972,2973,2974,2976,2977,2980,2982,2984,2985,2986,2987,2988,2990,2992,2994,2995,2996,2997,2998,3001,3002,3003,3004
room 9,4321,4325,4329,4331,4332,4333,4337,4340,4341,4342,4343,4345,4346,4347,4348,4349,4350,4351,4352,4356,4359,4360,4361,4364,4365,4368,4369,4371,4372,4373,4374,4376,4378,4381,4382,4383,4384,4385,4387,4388,4392,4393,4394,4395,4397,4398,4400,4402,4404,4406,4408,4409,4410,4412,4413,4414,4415,4416,4417,4418,4419,4420,4421,4422,4423,4424,4426,4431,4432,4434,4437,4438,4439,4440,4441,4442,4443,4445,4447,4448,4449,4454,4456,4457,4458,4459,4460,4461,4462,4463,4464,4465,4467,4468,4469,4470,4472,4473,4476,4478
room 61,6560,6561,6562,6563,6564,6565,6568,6570,6572,6575,6576,6577,6578,6579,6586,6587,6588,6589,6590,6591,6592,6593,6594,6595,6597,6601,6602,6603,6604,6605,6606,6608,6609,6610,6611,6614,6615,6617,6618,6619,6620,6621,6622,6624,6626,6627,6628,6629,6630,6633,6634,6635,6638,6639,6644,6645,6646,6647,6649,6651,6653,6654,6655,6656,6657,6658,6659,6661,6663,6664,6665,6667,6668,6669,6670,6671,6673,6675,6676,6680,6681,6683,6686,6687,6688,6690,6691,6693,6694,6696,6697,6699,6700,6701,6702,6703,6705,6707,6708,6709
room 16,9931,9932,9934,9941,9942,9943,9947,9949,9953,9954,9959,9964,9965,9974,9980,9983,9987,9992,9993,9996,9997,5,14,32,64,66,84,88,171,176,179,189,198,208,262,290,302,304,312,346,371,390,414,430,439,449,459,465,467,488,518,534,556,573,592,618,643,646,689,711,717,718,731,740,747,786,795,801,807,818,829,839,843,862,871,880,911,928,974,991,1022,1050,1122,1159,1235,1273,1285,1298,1308,1333,1338,1344,1345,1358,1409,1425,1440,1457,1462,1490
room 88,7197,7202,7207,7216,7222,7284,7290,7291,7296,7304,7308,7322,7356,7359,7360,7372,7387,7396,7409,7420,7450,7472,7474,7487,7493,7500,7542,7556,7563,7571,7586,7602,7605,7629,7637,7648,7657,7663,7664,7727,7740,7741,7749,7824,7826,7908,7911,7920,7927,7939,7944,8000,8027,8077,8112,8123,8162,8214,8231,8233,8245,8251,8256,8310,8317,8323,8336,8344,8349,8368,8373,8386,8393,8403,8437,8438,8444,8448,8457,8463,8492,8507,8542,8543,8544,8586,8596,8608,8613,8615,8626,8639,8664,8674,8723,8737,8741,8748,8769,8777
room 71,9422,9424,9425,9426,9427,9428,9429,9431,9432,9435,9436,9437,9439,9441,9442,9443,9444,9445,9452,9453,9454,9455,9456,9457,9459,9460,9461,9463,9464,9465,9466,9468,9470,9472,9473,9474,9477,9478,9480,9481,9482,9487,9488,9489,9491,9493,9494,9495,9496,9497,9498,9500,9501,9502,9503,9505,9506,9507,9509,9511,9512,9514,9515,9517,9518,9519,9520,9521,9523,9524,9525,9526,9528,9530,9531,9533,9534,9535,9536,9537,9539,9540,9542,9543,9544,9545,9546,9547,9550,9552,9555,9556,9557,9558,9559,9561,9562,9564,9565,9566
room 20,7920,7921,7922,7923,7924,7925,7928,7929,7930,7931,7933,7936,7937,7941,7944,7945,7946,7947,7949,7950,7952,7953,7955,7957,7958,7959,7961,7962,7966,7969,7970,7972,7973,7974,7975,7976,7977,7978,7979,7980,7981,7982,7984,7985,7986,7987,7988,7990,7992,7993,7995,7996,7997,7998,8002,8003,8005,8008,8009,8011,8012,8013,8016,8018,8020,8022,8024,8027,8028,8029,8030,8031,8032,8033,8034,8035,8036,8037,8038,8040,8041,8042,8043,8045,8046,8048,8049,8053,8054,8055,8056,8060,8062,8064,8065,8066,8067,8068,8069,8070
room 40,5653,5656,5659,5672,5677,5684,5686,5688,5690,5698,5701,5702,5703,5708,5718,5723,5730,5740,5748,5750,5761,5768,5772,5784,5785,5786,5787,5788,5791,5793,5795,5796,5803,5805,5806,5808,5810,5816,5817,5818,5823,5829,5842,5851,5862,5872,5876,5881,5887,5888,5891,5895,5896,5901,5903,5911,5912,5913,5917,5918,5921,5935,5938,5939,5941,5942,5943,5945,5946,5948,5949,5950,5954,5960,5963,5964,5971,5974,5976,5980,5981,5983,5984,5986,5987,5989,6002,6010,6014,6017,6019,6024,6029,6031,6033,6039,6040,6042,6044,6045
room 21,772,773,774,776,777,778,779,780,781,783,784,787,788,790,791,793,795,796,797,798,802,804,805,807,808,809,811,812,813,814,816,818,820,821,823,824,827,830,833,834,835,837,839,841,843,845,847,848,849,851,852,854,855,857,858,859,862,865,866,867,868,871,873,874,875,876,877,878,883,885,886,888,889,890,891,892,894,895,896,898,900,901,902,904,906,909,911,912,913,915,916,917,918,921,922,923,924,925,929,933
room 54,5246,5249,5250,5252,5253,5254,5257,5258,5259,5263,5264,5265,5266,5268,5269,5270,5272,5273,5274,5275,5276,5277,5279,5280,5281,5282,5283,5285,5286,5287,5288,5289,5291,5293,5294,5296,5297,5299,5300,5301,5302,5305,5306,5307,5309,5310,5311,5312,5315,5316,5318,5320,5321,5322,5323,5324,5325,5326,5328,5330,5331,5332,5335,5336,5337,5339,5342,5343,5345,5346,5347,5348,5349,5351,5355,5356,5359,5360,5361,5362,5363,5364,5365,5366,5367,5368,5369,5370,5371,5372,5374,5375,5376,5377,5378,5379,5380,5381,5382,5383
room 65,1197,1198,1199,1200,1201,1203,1204,1205,1206,1208,1209,1210,1211,1213,1214,1215,1216,1218,1220,1221,1222,1223,1226,1227,1228,1229,1230,1232,1233,1235,1237,1238,1239,1240,1241,1242,1243,1244,1246,1247,1248,1249,1250,1252,1253,1255,1260,1262,1263,1264,1265,1266,1267,1268,1269,1270,1273,1274,1276,1277,1278,1279,1283,1285,1286,1288,1290,1291,1292,1293,1295,1300,1301,1302,1304,1305,1306,1308,1310,1311,1312,1313,1315,1316,1317,1318,1319,1320,1321,1323,1324,1326,1327,1328,1329,1331,1333,1334,1335,1339
room 51,5384,5385,5386,5387,5388,5389,5390,5391,5392,5393,5394,5395,5396,5397,5399,5402,5403,5404,5405,5406,5407,5408,5409,5410,5411,5412,5413,5415,5416,5417,5418,5419,5420,5421,5423,5425,5426,5430,5431,5432,5433,5434,5435,5436,5437,5438,5439,5440,5441,5442,5443,5445,5447,5448,5449,5451,5452,5454,5456,5457,5460,5464,5465,5466,5467,5468,5469,5470,5471,5473,5474,5475,5476,5477,5479,5480,5481,5484,5485,5486,5489,5490,5491,5493,5495,5496,5497,5498,5500,5502,5503,5506,5507,5508,5509,5510,5511,5512,5515,5516
room 14,3458,3459,3461,3462,3463,3464,3465,3466,3467,3469,3470,3471,3472,3473,3478,3479,3480,3482,3483,3484,3486,3487,3489,3491,3492,3493,3494,3497,3498,3499,3500,3501,3502,3503,3504,3505,3506,3507,3509,3511,3512,3513,3516,3517,3519,3520,3521,3523,3524,3525,3527,3530,3531,3532,3534,3535,3536,3538,3539,3540,3544,3545,3546,3547,3548,3551,3552,3553,3554,3556,3557,3559,3560,3563,3565,3566,3569,3574,3575,3576,3578,3580,3581,3582,3583,3585,3587,3588,3589,3590,3591,3592,3593,3594,3596,3597,3598,3599,3600,3602
room 24,7167,7168,7170,7171,7173,7174,7176,7178,7179,7180,7181,7182,7183,7186,7187,7188,7190,7191,7192,7193,7194,7195,7197,7198,7202,7203,7204,7205,7208,7212,7214,7216,7217,7218,7219,7220,7222,7224,7226,7227,7230,7231,7232,7233,7234,7235,7239,7240,7241,7242,7243,7244,7246,7248,7249,7251,7253,7254,7255,7256,7257,7261,7262,7263,7265,7266,7268,7269,7272,7273,7274,7275,7276,7277,7278,7281,7282,7284,7285,7286,7287,7288,7292,7296,7298,7299,7301,7304,7305,7306,7308,7309,7310,7313,7314,7315,7318,7319,7323,7324
room 76,935,936,937,938,939,940,941,942,944,945,946,947,948,950,952,953,954,955,956,958,959,960,962,963,964,966,967,968,969,970,971,972,975,976,978,979,980,981,982,983,986,987,988,989,991,992,993,996,997,998,1000,1001,1002,1003,1004,1005,1006,1009,1010,1011,1012,1013,1014,1015,1016,1017,1020,1022,1023,1024,1025,1027,1029,1032,1033,1034,1036,1038,1039,1040,1041,1042,1043,1045,1046,1048,1051,1052,1053,1054,1056,1058,1059,1060,1061,1063,1064,1065,1066,1067
room 72,9493,9500,9505,9509,9511,9514,9523,9539,9542,9549,9550,9554,9555,9561,9564,9569,9571,9572,9573,9574,9581,9586,9591,9597,9607,9608,9615,9617,9618,9620,9622,9623,9624,9627,9630,9634,9637,9638,9639,9640,9645,9648,9651,9657,9667,9675,9679,9684,9689,9691,9696,9698,9708,9712,9715,9716,9719,9721,9730,9745,9747,9750,9754,9760,9765,9773,9778,9791,9794,9805,9806,9812,9814,9816,9821,9823,9824,9830,9833,9835,9837,9840,9845,9846,9856,9866,9868,9874,9880,9882,9887,9895,9896,9899,9903,9910,9914,9916,9923,9924
room 44,6870,6871,6872,6873,6874,6875,6878,6879,6881,6884,6886,6888,6889,6890,6891,6893,6894,6896,6897,6900,6901,6902,6905,6906,6908,6909,6910,6911,6915,6916,6918,6919,6920,6921,6922,6923,6924,6925,6926,6927,6928,6930,6931,6932,6935,6936,6937,6939,6940,6941,6942,6943,6944,6945,6946,6947,6949,6950,6953,6954,6956,6957,6958,6959,6960,6961,6964,6965,6967,6970,6971,6972,6973,6975,6977,6978,6979,6980,6981,6982,6983,6984,6985,6986,6987,6988,6989,6991,6992,6995,6996,6997,6999,7000,7002,7003,7005,7007,7008,7009
room 69,3360,3382,3394,3399,3425,3449,3461,3542,3544,3572,3578,3628,3688,3707,3732,3733,3823,3852,3933,3941,3976,3996,3999,4000,4042,4065,4070,4079,4085,4086,4089,4093,4111,4113,4118,4131,4173,4178,4199,4212,4238,4256,4270,4279,4298,4320,4328,4339,4354,4363,4378,4387,4408,4428,4434,4454,4467,4472,4513,4544,4569,4602,4604,4605,4615,4634,4638,4646,4661,4676,4679,4729,4738,4742,4747,4767,4801,4806,4819,4839,4872,4887,4903,4922,4932,4942,4949,4967,4992,5037,5081,5089,5097,5104,5111,5119,5124,5158,5166,5175
room 58,2552,2556,2559,2560,2561,2567,2569,2570,2571,2572,2573,2574,2578,2582,2583,2584,2586,2588,2589,2590,2591,2592,2594,2595,2596,2597,2598,2599,2600,2602,2603,2604,2605,2606,2610,2613,2614,2615,2616,2619,2621,2623,2625,2626,2627,2628,2630,2632,2633,2634,2635,2637,2638,2639,2640,2641,2642,2643,2644,2646,2649,2650,2651,2655,2656,2657,2658,2660,2661,2663,2664,2665,2666,2667,2669,2670,2671,2672,2674,2678,2679,2682,2683,2685,2686,2688,2689,2690,2693,2695,2697,2701,2704,2705,2707,2708,2710,2711,2712,2713
room 33,1507,1520,1607,1610,1655,1685,1691,1697,1707,1720,1746,1751,1805,1809,1816,1821,1823,1864,1871,1888,1908,1939,1954,1996,2021,2022,2032,2043,2045,2061,2103,2118,2131,2142,2148,2158,2180,2188,2194,2213,2230,2260,2267,2271,2282,2301,2307,2309,2338,2339,2374,2382,2407,2459,2477,2491,2515,2556,2565,2578,2580,2586,2594,2682,2685,2695,2700,2707,2717,2721,2757,2786,2831,2844,2868,2915,2943,2956,2971,2979,2984,3001,3076,3078,3092,3144,3158,3163,3164,3181,3195,3199,3211,3223,3283,3294,3296,3301,3336,3352
room 67,8210,8211,8212,8214,8215,8216,8217,8218,8219,8220,8221,8222,8224,8225,8226,8227,8228,8231,8234,8236,8237,8238,8241,8242,8243,8247,8248,8249,8252,8253,8254,8256,8258,8259,8260,8262,8263,8264,8265,8266,8268,8269,8271,8272,8273,8274,8275,8276,8278,8279,8280,8281,8282,8284,8285,8287,8288,8290,8291,8293,8294,8296,8297,8298,8299,8300,8301,8307,8308,8311,8312,8313,8314,8315,8317,8318,8320,8321,8323,8326,8327,8329,8330,8331,8332,8333,8334,8336,8337,8340,8341,8344,8345,8346,8347,8349,8351,8352,8353,8356
room 96,9260,9261,9262,9263,9264,9265,9266,9269,9270,9271,9272,9273,9275,9276,9277,9278,9279,9280,9282,9283,9284,9286,9294,9295,9296,9297,9299,9300,9301,9302,9303,9304,9305,9307,9308,9310,9312,9313,9316,9317,9318,9319,9322,9323,9326,9327,9329,9332,9333,9334,9336,9338,9339,9340,9341,9343,9347,9350,9352,9357,9358,9359,9361,9362,9363,9364,9365,9366,9367,9369,9371,9372,9375,9376,9378,9381,9382,9383,9386,9389,9391,9396,9400,9401,9402,9403,9404,9405,9406,9407,9408,9409,9410,9412,9413,9414,9415,9417,9418,9420
room 7,165,166,167,171,172,174,177,180,181,182,183,184,185,186,189,191,192,195,196,198,200,201,202,204,205,206,208,209,211,213,215,216,217,218,219,220,221,222,224,225,226,227,228,229,230,232,233,236,237,238,240,241,247,248,249,250,252,253,256,258,259,262,263,264,265,266,267,269,271,272,273,274,276,277,278,280,281,282,283,285,287,288,290,291,292,294,296,297,300,302,306,307,308,309,310,312,313,314,315,317
room 91,5799,5800,5801,5803,5808,5810,5811,5812,5813,5814,5818,5819,5820,5821,5823,5824,5825,5826,5827,5829,5831,5832,5833,5834,5835,5836,5837,5838,5839,5840,5842,5843,5844,5845,5846,5847,5848,5849,5851,5852,5853,5854,5855,5856,5857,5858,5859,5860,5862,5863,5864,5865,5867,5868,5869,5870,5872,5873,5874,5877,5878,5879,5881,5882,5883,5884,5885,5888,5889,5891,5892,5896,5897,5898,5899,5904,5906,5908,5909,5913,5915,5918,5919,5921,5922,5923,5924,5925,5928,5929,5930,5931,5932,5933,5935,5936,5939,5950,5951,5952
room 79,7587,7591,7593,7597,7601,7603,7604,7608,7612,7617,7621,7623,7627,7633,7634,7644,7649,7652,7660,7666,7667,7678,7679,7681,7683,7686,7694,7700,7702,7706,7714,7717,7724,7726,7729,7731,7733,7736,7738,7743,7746,7747,7748,7754,7756,7757,7765,7766,7769,7770,7775,7781,7785,7791,7796,7802,7805,7811,7818,7821,7829,7840,7845,7851,7852,7854,7856,7861,7864,7867,7871,7873,7879,7881,7885,7886,7888,7889,7890,7891,7893,7895,7898,7899,7900,7907,7910,7913,7914,7917,7928,7933,7935,7936,7940,7941,7943,7949,7952,7955
room 59,6783,6784,6785,6787,6789,6799,6801,6802,6807,6810,6811,6816,6828,6829,6830,6834,6836,6840,6853,6854,6856,6858,6863,6864,6868,6869,6881,6883,6884,6886,6888,6893,6896,6899,6900,6908,6913,6914,6915,6918,6935,6939,6949,6952,6953,6956,6963,6964,6967,6969,6975,6977,6991,6994,6995,6999,7002,7007,7011,7012,7013,7015,7020,7024,7031,7034,7035,7036,7037,7038,7039,7042,7044,7045,7053,7055,7063,7068,7078,7079,7086,7087,7093,7095,7099,7101,7102,7110,7114,7115,7123,7124,7129,7139,7140,7145,7146,7147,7157,7158
room 43,7161,7166,7173,7176,7178,7185,7186,7190,7200,7201,7208,7210,7211,7214,7224,7226,7229,7230,7237,7238,7239,7246,7248,7251,7253,7259,7260,7261,7265,7268,7271,7272,7280,7292,7294,7295,7298,7301,7303,7312,7313,7321,7323,7330,7331,7336,7337,7346,7349,7375,7376,7379,7380,7388,7400,7401,7402,7404,7405,7406,7413,7416,7421,7426,7430,7436,7439,7440,7443,7445,7451,7453,7461,7463,7477,7481,7483,7488,7492,7498,7499,7505,7506,7507,7509,7511,7512,7515,7529,7538,7540,7543,7550,7557,7559,7566,7574,7575,7577,7578
room 98,7015,7016,7017,7020,7021,7022,7024,7025,7026,7027,7028,7029,7031,7032,7039,7040,7042,7045,7046,7048,7049,7050,7051,7053,7055,7057,7058,7059,7060,7063,7064,7065,7068,7069,7070,7071,7072,7073,7074,7076,7079,7080,7081,7082,7083,7084,7087,7088,7089,7090,7091,7093,7095,7096,7097,7099,7102,7103,7105,7106,7107,7108,7110,7111,7112,7115,7116,7117,7118,7119,7120,7121,7124,7125,7126,7127,7129,7130,7131,7132,7133,7134,7135,7136,7137,7140,7141,7142,7143,7148,7149,7151,7152,7154,7155,7158,7159,7162,7164,7166
room 89,4171,4173,4174,4175,4178,4180,4181,4182,4183,4184,4185,4186,4187,4188,4189,4190,4192,4193,4194,4196,4197,4199,4201,4202,4203,4209,4213,4214,4215,4216,4218,4220,4221,4222,4223,4224,4225,4226,4227,4230,4232,4233,4234,4236,4238,4241,4242,4243,4245,4246,4247,4248,4250,4251,4254,4259,4260,4261,4262,4265,4266,4267,4270,4271,4272,4273,4276,4277,4279,4281,4282,4283,4284,4286,4287,4289,4290,4291,4293,4294,4296,4298,4299,4300,4301,4302,4303,4304,4305,4306,4309,4311,4312,4313,4314,4315,4316,4317,4318,4320
room 86,8505,8509,8511,8512,8513,8514,8516,8517,8518,8520,8522,8523,8524,8526,8527,8529,8530,8531,8533,8535,8536,8537,8538,8539,8544,8546,8549,8550,8551,8554,8555,8557,8561,8562,8565,8566,8567,8568,8569,8570,8571,8572,8573,8574,8575,8576,8577,8578,8579,8580,8581,8582,8583,8587,8588,8589,8590,8591,8592,8594,8596,8597,8598,8600,8601,8603,8604,8606,8609,8610,8613,8615,8616,8618,8619,8620,8621,8623,8626,8627,8629,8631,8632,8633,8634,8635,8639,8640,8644,8645,8646,8647,8649,8650,8652,8653,8656,8657,8658,8659
room 25,2246,2247,2248,2249,2250,2251,2252,2254,2255,2256,2257,2258,2262,2263,2264,2265,2268,2269,2271,2272,2273,2274,2275,2276,2277,2280,2283,2284,2285,2286,2287,2288,2291,2292,2293,2294,2296,2298,2301,2302,2303,2305,2307,2309,2311,2312,2313,2314,2315,2316,2317,2318,2320,2322,2323,2324,2325,2326,2328,2329,2333,2334,2335,2336,2339,2340,2341,2343,2345,2347,2348,2350,2351,2352,2353,2354,2355,2356,2357,2359,2360,2363,2364,2368,2369,2370,2371,2375,2377,2378,2379,2382,2383,2384,2385,2388,2390,2391,2392,2393
room 15,8071,8072,8074,8075,8077,8078,8079,8080,8082,8084,8087,8088,8089,8090,8091,8092,8093,8094,8097,8098,8099,8101,8102,8103,8105,8106,8107,8108,8109,8110,8112,8113,8115,8116,8117,8118,8119,8120,8121,8123,8124,8125,8126,8127,8129,8130,8132,8133,8134,8136,8137,8138,8139,8140,8141,8142,8144,8145,8146,8147,8149,8150,8152,8153,8154,8155,8156,8158,8160,8162,8163,8164,8165,8166,8169,8170,8171,8173,8176,8177,8179,8180,8185,8186,8188,8189,8190,8191,8192,8194,8195,8196,8198,8199,8200,8201,8202,8205,8206,8209
room 36,2107,2108,2109,2110,2111,2113,2114,2116,2118,2119,2120,2122,2124,2126,2127,2129,2131,2133,2134,2135,2136,2137,2138,2139,2140,2142,2143,2144,2145,2146,2148,2149,2150,2151,2152,2153,2154,2155,2156,2160,2162,2163,2164,2165,2166,2167,2168,2169,2170,2172,2173,2174,2175,2176,2177,2178,2180,2181,2184,2185,2188,2189,2190,2191,2192,2194,2195,2196,2197,2200,2201,2203,2204,2205,2207,2208,2209,2210,2214,2215,2217,2221,2222,2225,2226,2227,2228,2230,2232,2233,2234,2235,2237,2239,2240,2241,2242,2243,2244,2245
room 8,6269,6270,6274,6275,6277,6279,6280,6281,6282,6283,6284,6285,6286,6287,6288,6289,6293,6296,6297,6298,6299,6300,6301,6303,6305,6306,6307,6309,6310,6311,6312,6313,6314,6315,6316,6318,6320,6321,6322,6323,6325,6326,6328,6329,6330,6331,6332,6333,6334,6336,6340,6344,6345,6346,6347,6348,6349,6350,6351,6353,6354,6356,6357,6361,6362,6363,6364,6365,6367,6368,6369,6373,6374,6375,6376,6377,6378,6379,6380,6381,6382,6383,6385,6386,6388,6392,6394,6399,6400,6401,6402,6403,6404,6405,6408,6409,6410,6411,6413,6415
room 10,7773,7775,7776,7777,7778,7779,7781,7782,7783,7785,7786,7787,7788,7789,7791,7792,7793,7794,7796,7797,7798,7799,7800,7802,7803,7805,7806,7807,7808,7809,7811,7812,7813,7814,7815,7816,7818,7819,7821,7822,7824,7826,7827,7829,7830,7831,7832,7833,7834,7835,7836,7837,7838,7840,7841,7842,7843,7845,7846,7847,7848,7849,7852,7854,7856,7857,7858,7859,7862,7865,7867,7868,7869,7871,7873,7874,7875,7876,7877,7879,7881,7882,7883,7886,7891,7893,7895,7896,7900,7901,7902,7903,7904,7905,7908,7911,7914,7915,7917,7918
room 1,5182,5187,5190,5203,5233,5257,5261,5272,5304,5314,5320,5330,5339,5355,5447,5479,5493,5500,5593,5634,5728,5741,5758,5807,5831,5867,5877,5894,5902,5906,5908,5915,5927,5928,5944,5958,5972,5993,6026,6028,6037,6050,6078,6115,6121,6126,6174,6186,6214,6223,6236,6251,6256,6257,6258,6269,6320,6359,6372,6385,6397,6399,6429,6442,6446,6448,6473,6517,6520,6535,6555,6600,6638,6678,6679,6705,6720,6765,6771,6793,6794,6855,6865,6877,6878,6904,6905,6930,6934,7005,7014,7019,7057,7062,7067,7076,7148,7151,7162,7164
room 77,8376,8378,8383,8389,8391,8395,8399,8400,8404,8407,8414,8415,8417,8418,8423,8427,8430,8434,8442,8447,8456,8458,8459,8460,8464,8476,8478,8479,8486,8488,8491,8495,8508,8509,8516,8520,8522,8526,8529,8533,8535,8546,8548,8549,8553,8554,8557,8559,8560,8561,8564,8565,8587,8594,8600,8603,8606,8609,8612,8618,8623,8625,8629,8631,8637,8638,8642,8643,8644,8649,8652,8655,8656,8661,8662,8668,8669,8673,8676,8677,8678,8681,8683,8692,8700,8707,8716,8718,8728,8734,8738,8739,8740,8743,8747,8752,8765,8770,8771,8772
room 18,3005,3006,3008,3009,3010,3011,3012,3013,3014,3016,3018,3019,3021,3022,3023,3024,3025,3026,3027,3028,3030,3031,3032,3034,3035,3037,3038,3039,3040,3042,3045,3047,3049,3051,3052,3053,3054,3055,3059,3060,3064,3065,3066,3068,3069,3071,3073,3076,3078,3080,3082,3084,3086,3092,3095,3096,3098,3099,3100,3103,3104,3105,3106,3107,3110,3111,3112,3114,3115,3116,3117,3118,3120,3121,3124,3125,3126,3128,3129,3130,3131,3133,3134,3136,3137,3138,3139,3142,3144,3146,3147,3148,3150,3151,3152,3154,3155,3158,3159,3160
room 11,7624,7625,7627,7629,7630,7631,7634,7635,7637,7638,7639,7640,7641,7642,7644,7645,7646,7649,7650,7652,7653,7654,7655,7657,7658,7660,7661,7664,7667,7668,7669,7670,7671,7672,7673,7674,7675,7676,7679,7681,7683,7684,7686,7687,7688,7690,7691,7692,7694,7695,7696,7697,7698,7700,7702,7703,7704,7706,7707,7708,7709,7710,7711,7712,7714,7715,7717,7718,7719,7720,7721,7722,7724,7727,7729,7731,7733,7734,7736,7738,7741,7743,7744,7749,7750,7751,7752,7754,7757,7758,7759,7760,7761,7762,7763,7766,7767,7770,7771,7772
room 26,2225,2232,2237,2239,2254,2261,2262,2268,2279,2280,2283,2290,2291,2296,2298,2300,2305,2311,2320,2322,2328,2331,2332,2333,2343,2345,2347,2350,2359,2362,2363,2366,2367,2368,2373,2375,2377,2381,2387,2388,2390,2395,2396,2397,2399,2402,2403,2404,2405,2418,2419,2420,2421,2425,2430,2431,2435,2438,2439,2443,2444,2446,2451,2453,2457,2458,2464,2465,2466,2468,2476,2478,2483,2485,2496,2499,2504,2506,2507,2508,2512,2516,2518,2519,2521,2527,2531,2538,2544,2548,2554,2555,2558,2559,2563,2564,2566,2567,2569,2576
room 5,1638,1639,1641,1644,1646,1647,1650,1657,1658,1659,1660,1662,1663,1666,1667,1668,1669,1671,1673,1674,1677,1679,1680,1681,1683,1686,1687,1688,1689,1692,1693,1694,1695,1698,1702,1703,1704,1705,1707,1708,1710,1711,1712,1713,1715,1717,1718,1722,1723,1724,1725,1728,1731,1734,1735,1737,1739,1741,1742,1743,1746,1747,1748,1751,1753,1755,1756,1757,1758,1759,1761,1764,1766,1767,1768,1769,1771,1772,1773,1774,1775,1776,1777,1778,1779,1782,1783,1784,1785,1786,1787,1788,1789,1790,1791,1793,1795,1796,1797,1799
room 29,9111,9112,9114,9117,9118,9120,9121,9122,9124,9125,9126,9127,9128,9129,9133,9134,9135,9137,9140,9141,9142,9143,9145,9146,9150,9152,9155,9156,9157,9158,9159,9162,9164,9165,9166,9167,9168,9169,9170,9172,9173,9176,9177,9179,9182,9184,9186,9187,9188,9189,9190,9191,9192,9193,9194,9195,9196,9198,9199,9200,9202,9203,9207,9208,9210,9211,9213,9214,9215,9216,9218,9219,9222,9223,9224,9225,9227,9228,9229,9233,9236,9239,9240,9241,9242,9243,9244,9245,9246,9247,9249,9250,9251,9252,9253,9254,9255,9257,9258,9259
room 2,2714,2715,2717,2718,2719,2721,2722,2723,2724,2727,2730,2731,2732,2734,2736,2737,2738,2739,2740,2741,2742,2745,2746,2747,2748,2749,2751,2752,2754,2755,2757,2758,2759,2760,2761,2762,2763,2765,2766,2767,2770,2773,2774,2775,2776,2778,2779,2781,2783,2786,2788,2789,2790,2791,2793,2794,2795,2798,2800,2802,2803,2804,2806,2808,2809,2810,2811,2812,2813,2817,2818,2819,2821,2822,2824,2825,2826,2829,2831,2833,2834,2835,2836,2837,2838,2840,2841,2842,2844,2845,2846,2847,2849,2850,2851,2852,2853,2855,2857,2859
room 35,5086,5089,5090,5091,5093,5094,5097,5098,5099,5101,5102,5104,5105,5106,5107,5109,5112,5113,5115,5117,5121,5122,5126,5129,5130,5132,5135,5136,5138,5140,5141,5143,5144,5146,5147,5148,5150,5154,5155,5156,5158,5159,5160,5161,5162,5164,5166,5167,5168,5169,5170,5171,5172,5173,5176,5177,5178,5179,5183,5184,5185,5188,5190,5192,5195,5196,5197,5198,5200,5201,5203,5205,5211,5212,5213,5214,5215,5216,5217,5218,5219,5220,5221,5222,5224,5225,5226,5227,5229,5230,5231,5233,5234,5235,5237,5239,5240,5241,5242,5245
room 90,4479,4482,4483,4484,4485,4486,4487,4488,4489,4490,4491,4492,4493,4495,4497,4501,4503,4504,4505,4506,4507,4508,4509,4513,4514,4515,4516,4517,4518,4519,4520,4521,4522,4523,4524,4525,4526,4527,4528,4530,4531,4534,4536,4537,4539,4541,4542,4544,4545,4546,4547,4550,4551,4552,4553,4554,4555,4557,4558,4559,4560,4561,4562,4563,4564,4565,4567,4569,4570,4572,4573,4575,4576,4578,4579,4580,4583,4584,4585,4586,4587,4589,4591,4593,4594,4596,4597,4598,4599,4600,4602,4605,4607,4610,4611,4613,4615,4616,4618,4620
room 45,4791,4792,4793,4794,4795,4796,4798,4799,4801,4802,4803,4807,4808,4811,4813,4814,4815,4816,4820,4821,4822,4824,4825,4826,4827,4829,4830,4831,4832,4833,4834,4835,4839,4840,4841,4843,4845,4846,4847,4849,4851,4853,4854,4856,4858,4859,4860,4861,4863,4864,4865,4866,4867,4868,4869,4870,4872,4873,4874,4875,4876,4877,4878,4879,4880,4881,4882,4883,4884,4885,4889,4890,4892,4893,4894,4896,4899,4900,4901,4904,4907,4909,4910,4912,4913,4914,4919,4920,4922,4923,4924,4925,4927,4929,4930,4932,4933,4934,4937,4939
room 92,1,2,3,5,6,7,9,10,11,14,16,17,19,21,23,24,25,26,29,33,35,37,38,40,41,42,43,44,46,47,48,50,52,55,57,60,61,66,68,69,70,71,72,76,77,80,81,84,85,88,89,90,91,93,94,95,96,99,100,102,104,105,106,107,108,109,110,111,112,114,115,118,119,120,122,126,128,129,131,133,134,135,136,139,142,143,144,146,148,150,151,152,155,157,158,159,160,161,162,164
room 94,630,631,632,633,635,636,637,638,639,640,643,644,647,648,649,650,651,654,656,657,658,659,660,662,663,664,665,666,667,668,669,670,671,672,676,678,679,680,681,682,683,684,685,686,687,689,690,692,693,695,696,697,698,699,700,707,708,711,712,714,718,719,720,721,723,724,725,726,727,729,731,732,733,734,735,736,737,740,741,742,743,744,745,747,748,749,750,751,753,755,759,760,761,762,763,765,766,768,770,771
room 63,9842,9843,9846,9848,9849,9850,9851,9853,9854,9856,9857,9858,9859,9860,9861,9862,9863,9864,9866,9868,9870,9871,9872,9874,9875,9876,9878,9880,9882,9883,9884,9885,9887,9888,9889,9890,9891,9892,9893,9896,9897,9899,9900,9901,9903,9904,9905,9906,9907,9908,9910,9911,9912,9914,9916,9917,9918,9919,9921,9925,9926,9927,9928,9929,9932,9934,9935,9936,9937,9939,9943,9944,9945,9949,9950,9951,9954,9955,9956,9957,9959,9961,9962,9965,9966,9967,9968,9969,9970,9972,9975,9976,9977,9978,9980,9984,9985,9988,9989,9990
room 64,6719,6732,6768,6824,7048,7154,7212,7281,7317,7318,7343,7446,7454,7482,7606,7690,8051,8105,8185,8305,8343,8355,8541,8585,8977,9231,9232,9381,9386,9480,9870,1753,2212,2935,3799,5536,7581,8381,9152,3061,3586,3624,4057,4499,4625,5001,6177,6412,6742,8197,8204,8510,8797,9031,9817,582,865,1000,1441,1509,2063,2535,2817,3088,3309,3538,3769,4024,4064,4133,4583,4907,4981,5451,7105,7170,7398,7414,7460,7862,7865,8820,9024,9076,9347,9350,9361,9878,1323,1452,1676,1715,4912,6643,6970,8086,8881,9213,1168,6394
room 62,6100,6102,6103,6104,6107,6108,6110,6111,6116,6117,6118,6122,6123,6124,6127,6129,6131,6134,6135,6138,6139,6141,6143,6144,6147,6148,6149,6151,6154,6157,6158,6159,6160,6162,6164,6165,6169,6175,6176,6178,6179,6180,6181,6182,6183,6184,6186,6187,6188,6190,6191,6192,6194,6197,6200,6201,6204,6206,6207,6210,6211,6212,6214,6216,6217,6219,6224,6225,6226,6227,6228,6229,6230,6231,6233,6234,6236,6237,6238,6240,6241,6242,6243,6245,6246,6247,6248,6249,6251,6252,6253,6258,6259,6260,6261,6262,6263,6264,6265,6266
room 37,9705,9706,9708,9709,9710,9712,9713,9716,9717,9719,9721,9722,9723,9724,9726,9727,9728,9730,9731,9732,9733,9734,9735,9736,9737,9738,9739,9740,9741,9742,9743,9745,9747,9748,9750,9751,9752,9754,9755,9756,9757,9758,9760,9761,9762,9763,9765,9766,9767,9768,9769,9770,9771,9773,9774,9776,9778,9779,9780,9781,9784,9785,9787,9788,9789,9791,9792,9794,9795,9796,9797,9798,9799,9800,9801,9802,9803,9806,9807,9808,9809,9810,9812,9814,9816,9818,9819,9821,9824,9825,9826,9828,9830,9831,9833,9835,9837,9838,9840,9841
room 74,5244,5245,5248,5249,5252,5256,5262,5263,5268,5279,5285,5291,5293,5296,5299,5305,5309,5315,5318,5328,5334,5335,5341,5342,5345,5351,5353,5354,5358,5359,5374,5399,5401,5402,5415,5423,5425,5428,5429,5430,5445,5454,5456,5459,5460,5462,5463,5464,5473,5483,5484,5488,5489,5495,5502,5505,5506,5514,5515,5520,5522,5525,5526,5527,5529,5531,5532,5533,5541,5542,5550,5551,5553,5561,5568,5569,5573,5579,5585,5587,5588,5589,5594,5596,5598,5599,5600,5605,5618,5620,5621,5624,5627,5633,5635,5644,5647,5648,5649,5651
room 97,8961,8962,8963,8964,8967,8970,8971,8972,8975,8977,8979,8980,8981,8984,8985,8986,8987,8989,8990,8991,8997,8998,9000,9001,9003,9006,9007,9008,9010,9011,9012,9013,9014,9015,9017,9018,9019,9020,9021,9024,9025,9026,9027,9029,9030,9032,9035,9036,9037,9039,9040,9041,9042,9043,9044,9045,9047,9049,9051,9052,9053,9054,9055,9056,9057,9060,9061,9063,9064,9065,9068,9069,9071,9072,9074,9076,9077,9079,9080,9081,9083,9085,9087,9088,9090,9091,9092,9093,9094,9095,9096,9098,9100,9103,9104,9105,9106,9108,9109,9110
room 6,6056,6064,6069,6070,6074,6076,6082,6083,6088,6092,6098,6102,6107,6110,6113,6114,6116,6120,6122,6127,6129,6131,6133,6134,6137,6138,6141,6143,6146,6147,6151,6153,6154,6156,6157,6162,6164,6167,6168,6169,6171,6172,6173,6175,6190,6194,6196,6197,6199,6203,6204,6206,6209,6210,6216,6219,6221,6222,6224,6233,6240,6245,6255,6268,6272,6273,6274,6277,6279,6291,6292,6293,6295,6296,6303,6305,6309,6318,6325,6328,6336,6338,6339,6340,6342,6343,6344,6353,6356,6360,6361,6367,6371,6373,6388,6390,6392,6396,6398,6407
room 53,1952,1955,1956,1957,1959,1960,1962,1965,1966,1969,1970,1975,1976,1977,1978,1979,1982,1983,1984,1987,1990,1997,1999,2000,2001,2003,2004,2006,2008,2009,2010,2011,2013,2014,2016,2018,2019,2022,2024,2025,2026,2027,2028,2029,2030,2032,2033,2034,2035,2036,2037,2038,2040,2041,2043,2045,2047,2049,2051,2052,2053,2054,2055,2056,2057,2058,2061,2063,2064,2065,2066,2067,2068,2070,2071,2074,2075,2076,2077,2078,2080,2081,2082,2084,2085,2086,2087,2088,2092,2093,2094,2095,2096,2097,2098,2099,2101,2103,2104,2105
room 41,6408,6415,6422,6424,6426,6431,6432,6436,6437,6450,6454,6456,6467,6468,6474,6476,6478,6479,6487,6497,6498,6499,6502,6508,6514,6515,6518,6531,6532,6537,6538,6545,6546,6551,6553,6560,6567,6568,6570,6572,6574,6575,6581,6582,6583,6584,6585,6586,6597,6599,6601,6608,6613,6614,6617,6624,6626,6632,6633,6637,6641,6642,6644,6649,6651,6653,6661,6663,6667,6673,6675,6680,6683,6685,6686,6690,6693,6699,6707,6713,6715,6716,6717,6722,6728,6734,6737,6739,6747,6750,6753,6755,6757,6758,6764,6767,6769,6770,6778,6782
room 57,8797,8841,8846,8870,8905,8935,8938,8989,8996,9005,9079,9085,9103,9116,9124,9131,9137,9145,9164,9176,9182,9239,9268,9286,9292,9294,9336,9343,9375,9393,9398,9399,9412,9420,9422,9517,9528,9530,9533,9552,9616,9726,9776,9783,9784,9787,9828,9848,9853,9921,9925,9939,9948,9961,9972,9975,9982,9984,9988,600,770,873,898,1058,1213,1299,1310,1529,1567,1598,1644,1990,2101,2503,2529,2547,2710,2980,3103,3114,3123,3475,3665,3864,4030,4211,4898,4927,5008,5549,5611,5742,5904,5947,6106,6200,6391,6496,6696,6711
room 55,8662,8664,8665,8666,8669,8670,8671,8674,8678,8679,8681,8683,8684,8685,8686,8687,8688,8689,8690,8692,8693,8694,8695,8696,8697,8698,8700,8701,8702,8703,8704,8705,8707,8708,8709,8710,8711,8712,8713,8714,8716,8718,8719,8720,8721,8723,8724,8725,8726,8728,8729,8730,8731,8732,8734,8735,8741,8743,8744,8745,8748,8749,8750,8752,8753,8754,8755,8756,8757,8758,8759,8760,8761,8762,8763,8765,8766,8767,8772,8773,8774,8778,8780,8782,8783,8784,8785,8787,8788,8789,8790,8792,8793,8795,8798,8800,8803,8804,8805,8806
room 73,8776,8778,8780,8782,8787,8792,8795,8800,8802,8803,8813,8824,8825,8827,8828,8834,8835,8839,8842,8848,8852,8856,8857,8858,8861,8862,8868,8869,8877,8880,8882,8886,8887,8888,8891,8892,8894,8895,8899,8901,8908,8910,8911,8914,8921,8924,8925,8926,8929,8939,8943,8948,8950,8951,8953,8959,8966,8967,8969,8970,8974,8975,8979,8983,8984,8993,8994,8995,8997,9000,9003,9006,9010,9017,9023,9029,9034,9035,9039,9047,9049,9051,9059,9060,9063,9067,9068,9071,9074,9083,9087,9090,9098,9100,9102,9108,9114,9117,9120,9132
room 42,9567,9569,9574,9575,9576,9577,9578,9579,9581,9582,9583,9584,9586,9587,9588,9589,9591,9592,9593,9594,9595,9597,9598,9599,9600,9601,9602,9603,9604,9605,9608,9609,9610,9611,9612,9613,9618,9620,9624,9625,9627,9628,9630,9631,9632,9634,9635,9640,9641,9642,9643,9645,9646,9648,9649,9651,9652,9653,9654,9655,9657,9658,9659,9660,9661,9662,9663,9664,9665,9667,9668,9669,9670,9671,9672,9673,9675,9676,9677,9679,9680,9681,9682,9684,9685,9686,9687,9689,9691,9692,9693,9694,9696,9698,9699,9700,9701,9702,9703,9704
room 95,1496,1497,1498,1500,1501,1502,1503,1504,1505,1509,1510,1511,1512,1513,1514,1516,1517,1518,1521,1522,1523,1524,1526,1527,1529,1531,1532,1534,1536,1537,1538,1539,1540,1541,1542,1543,1544,1549,1553,1554,1556,1557,1558,1559,1560,1561,1563,1564,1565,1568,1569,1570,1571,1572,1573,1574,1576,1577,1580,1581,1582,1583,1584,1585,1587,1588,1589,1590,1593,1594,1595,1596,1599,1600,1602,1604,1605,1607,1611,1612,1613,1614,1615,1616,1617,1619,1620,1621,1622,1623,1624,1627,1628,1629,1630,1631,1632,1633,1635,1636
room 87,4021,4024,4025,4026,4027,4030,4031,4034,4035,4036,4037,4038,4039,4040,4042,4043,4046,4047,4048,4049,4050,4051,4053,4054,4055,4056,4059,4060,4061,4065,4066,4068,4070,4071,4072,4073,4075,4076,4077,4079,4080,4081,4082,4083,4086,4087,4089,4093,4094,4095,4096,4097,4098,4100,4101,4102,4103,4105,4109,4111,4114,4115,4116,4119,4120,4121,4122,4123,4124,4125,4126,4127,4128,4129,4133,4134,4136,4137,4138,4139,4140,4141,4143,4146,4147,4148,4150,4152,4153,4156,4157,4158,4159,4160,4161,4163,4164,4165,4166,4170
